book,chapter,start_verse,end_verse,starred
Genesis,1,27,,
Genesis,2,15,,
Genesis,3,15,,
Genesis,4,7,,
Genesis,6,5,6,
Genesis,12,1,3,
Genesis,15,6,,
Genesis,15,18,21,
Genesis,26,2,5,
Genesis,27,27,29,
Genesis,28,13,15,
Genesis,28,20,22,
Genesis,29,20,,
Genesis,32,28,,
Genesis,35,9,12,
Genesis,48,15,16,
Genesis,49,1,27,
Genesis,50,19,21,
Genesis,50,24,25,
Exodus,3,13,15,
Exodus,4,10,12,
Exodus,9,14,16,
Exodus,20,1,17,
Exodus,20,20,,
Exodus,21,5,6,
Exodus,24,9,11,
Exodus,29,45,46,
Exodus,31,18,,
Exodus,33,11,,
Exodus,34,6,7,
Leviticus,15,31,,
Leviticus,16,21,,
Leviticus,18,1,5,
Leviticus,18,22,30,
Leviticus,20,22,24,
Leviticus,22,31,33,
Leviticus,23,22,,
Leviticus,24,10,16,
Leviticus,25,35,38,
Leviticus,26,1,13,
Leviticus,26,14,46,
Numbers,6,24,26,
Numbers,12,6,8,
Numbers,14,13,19,
Numbers,14,21,,
Numbers,15,27,31,
Numbers,18,20,32,
Numbers,33,53,56,
Deuteronomy,1,39,,
Deuteronomy,4,1,8,
Deuteronomy,4,24,,
Deuteronomy,4,25,31,
Deuteronomy,4,32,40,
Deuteronomy,6,4,25,
Deuteronomy,7,1,5,
Deuteronomy,7,6,11,
Deuteronomy,7,12,26,
Deuteronomy,8,3,,
Deuteronomy,8,17,18,
Deuteronomy,9,4,8,
Deuteronomy,9,19,20,
Deuteronomy,9,24,,
Deuteronomy,10,12,22,
Deuteronomy,12,29,31,
Deuteronomy,15,4,6,
Deuteronomy,16,18,20,
Deuteronomy,17,14,20,
Deuteronomy,18,15,22,
Deuteronomy,19,9,,
Deuteronomy,26,5,10,
Deuteronomy,26,16,19,
Deuteronomy,27,,,
Deuteronomy,28,,,
Deuteronomy,28,52,57,
Deuteronomy,29,18,28,
Deuteronomy,30,11,20,
Deuteronomy,32,,,
Joshua,1,6,9,
Joshua,9,14,,
Joshua,16,10,,
Joshua,17,12,13,
Joshua,19,47,,
Joshua,22,5,,
Joshua,23,,,
Joshua,24,,,
Joshua,24,14,15,
Judges,10,10,15,
Judges,17,6,,
Judges,21,25,,
Ruth,1,16,17,
1 Samuel,2,1,10,
1 Samuel,8,10,22,
1 Samuel,10,18,19,
1 Samuel,12,12,,
1 Samuel,12,19,25,
1 Samuel,14,6,,
1 Samuel,14,35,,
1 Samuel,15,22,23,
1 Samuel,15,29,,
1 Samuel,16,7,,
1 Samuel,16,14,,
1 Samuel,17,26,,
1 Samuel,17,31,37,
1 Samuel,17,45,47,
2 Samuel,6,14,,
2 Samuel,6,20,22,
2 Samuel,7,,,TRUE
2 Samuel,12,1,15,
2 Samuel,22,,,TRUE
1 Kings,2,2,4,
1 Kings,2,26,27,
1 Kings,3,3,14,
1 Kings,8,,,TRUE
1 Kings,12,25,33,
1 Kings,16,25,,
1 Kings,16,34,,
1 Kings,16,30,33,
1 Kings,17,8,16,
1 Kings,17,17,24,
1 Kings,18,20,40,
1 Kings,18,44,46,
1 Kings,21,27,29,
2 Kings,2,11,,
2 Kings,2,23,25,
2 Kings,3,27,,
2 Kings,6,16,,
2 Kings,6,28,29,
2 Kings,13,20,21,
2 Kings,17,6,23,TRUE
2 Kings,18,3,8,
2 Kings,18,19,37,
2 Kings,19,14,19,
2 Kings,19,21,28,
2 Kings,19,35,37,
2 Kings,20,11,,
2 Kings,20,19,,
2 Kings,21,10,15,
2 Kings,22,8,13,
2 Kings,23,21,23,
2 Kings,23,25,27,
2 Kings,24,2,4,
2 Kings,25,9,,
1 Chronicles,4,9,10,
1 Chronicles,17,7,14,
1 Chronicles,28,9,10,
1 Chronicles,29,9,,
1 Chronicles,29,10,19,
2 Chronicles,1,7,13,
2 Chronicles,2,6,,
2 Chronicles,6,,,TRUE
2 Chronicles,7,11,22,
2 Chronicles,14,11,,
2 Chronicles,15,1,7,
2 Chronicles,15,11,19,
2 Chronicles,16,9,,
2 Chronicles,18,4,27,
2 Chronicles,19,5,7,
2 Chronicles,20,1,12,
2 Chronicles,21,20,,
2 Chronicles,24,20,22,
2 Chronicles,29,3,11,
2 Chronicles,30,16,20,
2 Chronicles,32,9,23,
Ezra,3,11,13,
Ezra,6,8,12,
Ezra,7,10,,
Ezra,7,27,28,
Ezra,8,21,23,
Ezra,9,,,TRUE
Ezra,10,4,,TRUE
Ezra,10,1,14,
Nehemiah,1,4,11,
Nehemiah,2,4,,TRUE
Nehemiah,4,14,,
Nehemiah,5,6,13,
Nehemiah,5,14,19,
Nehemiah,8,8,,
Nehemiah,9,6,38,TRUE
Nehemiah,10,28,39,
Nehemiah,13,14,,
Nehemiah,13,22,,
Nehemiah,13,30b,,
Esther,4,13,17,
Esther,5,13,,
Esther,6,13,,
Esther,8,17,,
Job,1,20,22,
Job,2,9,10,
Job,4,17,19,
Job,7,17,,
Job,9,,,TRUE
Job,9,32,35,
Job,11,6,,
Job,12,13,25,
Job,13,3,,
Job,13,15,,
Job,13,18,24,
Job,19,23,29,
Job,23,13,,
Job,25,2,6,
Job,28,20,28,
Job,31,1,,
Job,36,24,33,
Job,38,,,TRUE
Job,40,7,14,
Job,41,1,11,
Job,41,11,,TRUE
Job,42,1,6,
Psalms,1,,,TRUE
Psalms,3,1,4,
Psalms,4,4,,
Psalms,4,7,,
Psalms,5,4,6,
Psalms,5,7,8,
Psalms,7,8,10,
Psalms,7,17,,
Psalms,8,,,TRUE
Psalms,9,,,TRUE
Psalms,11,5,,
Psalms,13,5,6,
Psalms,14,1,3,
Psalms,14,7,,
Psalms,16,,,TRUE
Psalms,18,25,26,
Psalms,19,,,TRUE
Psalms,20,7,,
Psalms,22,1,,
Psalms,22,6,18,
Psalms,23,,,TRUE
Psalms,24,4,10,
Psalms,25,4,7,
Psalms,27,1,4,
Psalms,27,7,10,
Psalms,29,1,8,
Psalms,30,,,
Psalms,31,3,5,
Psalms,31,23,24,
Psalms,32,,,TRUE
Psalms,34,8,10,
Psalms,36,5,6,
Psalms,37,3,4,
Psalms,38,,,TRUE
Psalms,40,9,10,
Psalms,46,10,11,
Psalms,47,,,
Psalms,49,7,9,
Psalms,50,,,TRUE
Psalms,51,,,TRUE
Psalms,53,,,TRUE
Psalms,56,8,11,
Psalms,59,16,17,
Psalms,63,,,TRUE
Psalms,66,,,TRUE
Psalms,67,,,TRUE
Psalms,68,32,35,
Psalms,71,17,21,
Psalms,73,23,26,
Psalms,74,12,17,
Psalms,78,,,TRUE
Psalms,83,16,18,
Psalms,84,,,TRUE
Psalms,85,2,3,
Psalms,86,,,TRUE
Psalms,89,,,TRUE
Psalms,93,,,TRUE
Psalms,95,,,TRUE
Psalms,96,,,TRUE
Psalms,97,,,TRUE
Psalms,101,2,4,
Psalms,103,,,TRUE
Psalms,106,23,,
Psalms,107,9,22,
Psalms,111,,,TRUE
Psalms,115,1,11,
Psalms,118,6,,
Psalms,118,18,,
Psalms,119,9,11,
Psalms,119,18,,
Psalms,119,30,32,
Psalms,119,37,,
Psalms,119,68,,
Psalms,119,90,94,
Psalms,119,101,102,
Psalms,119,133,,
Psalms,124,,,
Psalms,127,1,,TRUE
Psalms,127,,,TRUE
Psalms,128,,,TRUE
Psalms,130,,,TRUE
Psalms,132,11,12,
Psalms,135,,,TRUE
Psalms,143,1,2,
Psalms,143,,,TRUE
Psalms,145,,,TRUE
Psalms,147,4,6,
Proverbs,1,7,,
Proverbs,1,19,,
Proverbs,3,5,8,
Proverbs,3,9,10,
Proverbs,3,27,,
Proverbs,6,6,9,
Proverbs,6,10,11,
Proverbs,6,27,29,
Proverbs,7,21,23,
Proverbs,9,10,11,
Proverbs,11,1,,
Proverbs,11,4,7,
Proverbs,11,12,,
Proverbs,11,22,,
Proverbs,11,24,,
Proverbs,11,28,,
Proverbs,11,30,,
Proverbs,12,1,,
Proverbs,12,4,,
Proverbs,12,9,,
Proverbs,12,10,,
Proverbs,12,11,,
Proverbs,12,16,,
Proverbs,12,22,,
Proverbs,12,24,,
Proverbs,12,27,,
Proverbs,13,1,,
Proverbs,13,4,,
Proverbs,13,7,,
Proverbs,13,11,,
Proverbs,13,20,,
Proverbs,13,22,,
Proverbs,13,24,,
Proverbs,14,12,,
Proverbs,14,29,,
Proverbs,14,30,,
Proverbs,14,31,,
Proverbs,15,1,,
Proverbs,15,8,,
Proverbs,15,27,,
Proverbs,18,1,,
Proverbs,18,10,11,
Proverbs,18,22,,
Proverbs,19,2,,
Proverbs,19,11,,
Proverbs,19,14,,
Proverbs,19,15,,
Proverbs,19,17,,
Proverbs,19,18,,
Proverbs,19,20,,
Proverbs,20,20,,
Proverbs,20,22,,
Proverbs,20,23,,
Proverbs,21,1,,
Proverbs,21,9,,
Proverbs,21,13,,
Proverbs,21,17,,
Proverbs,21,19,,
Proverbs,21,31,,
Proverbs,22,4,,
Proverbs,22,6,,
Proverbs,22,9,,
Proverbs,22,15,,
Proverbs,23,4,5,
Proverbs,23,12,,
Proverbs,23,13,14,
Proverbs,23,20,21,
Proverbs,23,22,,
Proverbs,23,29,35,
Proverbs,24,33,34,
Proverbs,25,6,7,
Proverbs,25,17,,
Proverbs,25,20,,
Proverbs,25,21,22,
Proverbs,26,11,,
Proverbs,26,20,,
Proverbs,27,2,,
Proverbs,27,17,,
Proverbs,27,23,24,
Proverbs,28,13,,
Proverbs,28,20,,
Proverbs,28,22,,
Proverbs,28,25,,
Proverbs,28,27,,
Proverbs,29,1,,
Proverbs,29,11,,
Proverbs,29,14,,
Proverbs,29,15,,
Proverbs,29,25,,
Proverbs,29,26,,
Proverbs,30,7,9,
Proverbs,30,17,,
Proverbs,31,10,31,
Ecclesiastes,1,8,9,
Ecclesiastes,2,11,,
Ecclesiastes,2,18,19,
Ecclesiastes,2,20,23,
Ecclesiastes,4,1,3,
Ecclesiastes,4,7,8,
Ecclesiastes,5,1,3,
Ecclesiastes,5,10,12,
Ecclesiastes,5,15,17,
Ecclesiastes,6,7,,
Ecclesiastes,7,9,,
Ecclesiastes,7,12,,
Ecclesiastes,7,15,,
Ecclesiastes,7,20,,
Ecclesiastes,7,21,22,
Ecclesiastes,11,5,,
Ecclesiastes,12,13,14,
Song of Solomon,4,7,,
Isaiah,1,16,18,
Isaiah,6,8,,
Isaiah,7,14,,
Isaiah,9,6,7,
Isaiah,11,1,5,
Isaiah,12,,,
Isaiah,25,6,9,
Isaiah,30,18,26,
Isaiah,30,21,,
Isaiah,31,3,,
Isaiah,33,22,,
Isaiah,37,14,20,
Isaiah,37,23,29,
Isaiah,40,3,5,
Isaiah,40,,,TRUE
Isaiah,41,10,13,
Isaiah,43,11,,
Isaiah,43,21,25,
Isaiah,44,6,8,
Isaiah,45,1,7,
Isaiah,45,12,,
Isaiah,45,15,25,
Isaiah,46,1,7,
Isaiah,48,17,19,
Isaiah,49,5,6,
Isaiah,49,15,,
Isaiah,49,26,,
Isaiah,52,7,,
Isaiah,52,13,53,TRUE
Isaiah,53,5,6,
Isaiah,54,17,,
Isaiah,55,,,TRUE
Isaiah,61,1,4,
Isaiah,63,7,,
Jeremiah,1,5,,
Jeremiah,2,13,,
Jeremiah,7,9,,
Jeremiah,10,6,7,
Jeremiah,10,24,,
Jeremiah,17,7,8,
Jeremiah,23,5,6,
Jeremiah,29,11,13,
Jeremiah,31,18,20,
Jeremiah,31,31,34,
Jeremiah,32,17,23,
Jeremiah,33,14,16,
Jeremiah,46,27,28,
Lamentations,3,22,24,
Ezekiel,11,19,20,
Ezekiel,16,,,TRUE
Ezekiel,18,31,32,
Ezekiel,22,30,,
Ezekiel,36,22,32,
Ezekiel,37,12,14,
Daniel,2,20,23,
Daniel,2,27,28,
Daniel,2,47,,
Daniel,3,16,18,
Daniel,3,28,29,
Daniel,4,1,2,
Daniel,4,34,35,
Daniel,4,37,,
Daniel,6,10,,
Daniel,6,25,27,
Daniel,7,13,14,
Daniel,9,3,19,
Hosea,11,8,9,
Joel,2,12,13,
Joel,2,28,29,
Amos,5,8,,
Amos,5,14,15,
Amos,5,21,24,
Micah,4,1,5,
Micah,5,2,4,
Micah,6,6,8,
Micah,7,8,9,
Micah,7,18,20,
Habakkuk,3,17,19,
Zechariah,3,8,9,
Zechariah,4,6,7,
Zechariah,7,9,,
Zechariah,8,16,17,
Zechariah,9,9,10,
Malachi,1,10,11,
Malachi,2,13,16,
Malachi,3,6,,
Malachi,3,7,12,
Malachi,4,4,,
Matthew,3,11,12,
Matthew,11,28,30,
Matthew,20,26,28,
Matthew,22,36,40,
Matthew,23,12,,
Matthew,24,35,,
Matthew,25,21,,
Matthew,26,62,64,
Matthew,28,16,20,
Mark,1,223,26,
Mark,1,35,,
Mark,1,40,41,
Mark,2,5,12,
Mark,2,16,17,
Mark,4,41b,,
Mark,6,34,,
Mark,7,6,7,
Mark,8,27,30,
Mark,8,34,38,
Mark,9,23,24,
Mark,9,35,,
Mark,9,43,48,
Mark,10,7,9,
Mark,10,18,,
Mark,10,42,45,
Mark,11,25,,
Mark,12,29,31,
Mark,12,41,44,
Mark,13,11,,
Mark,13,35,37,
Mark,14,36,,
Mark,14,61,62,
Luke,5,31,,
Luke,6,27,36,
Luke,6,37,38,
Luke,6,46,49,
Luke,7,6,10,
Luke,7,41,43,
Luke,7,47,49,
Luke,9,20,,
Luke,9,23,25,
Luke,11,9,13,
Luke,12,4,5,
Luke,12,15,21,
Luke,12,25,26,
Luke,12,29,31,
Luke,12,46,48,
Luke,16,13,,
Luke,17,7,10,
Luke,22,41,42,
Luke,22,70,,
Luke,23,3,,
John,1,1,5,
John,1,14,,
John,1,29,,
John,3,14,15,
John,3,16,18,
John,3,27,,
John,3,30,,
John,3,36,,
John,4,26,,
John,5,24,,
John,5,39,40,
John,6,28,29,
John,6,35,,
John,6,40,,
John,6,44,,
John,6,47,51,
John,7,37,38,
John,8,12,,
John,8,24,,
John,8,51,,
John,8,58,,
John,9,5,,
John,10,10,11,
John,10,28,30,
John,11,25,27,
John,13,13,,
John,13,34,35,
John,14,6,,
John,14,15,,
John,14,21,,
John,15,5,,
John,15,12,17,
John,15,18,19,
John,16,33,,
John,17,3,,
John,17,5,,
John,17,17,,
John,18,4,6,
John,20,29,,
John,20,30,31,
John,21,25,,
Acts,2,38,39,
Acts,4,11,12,
Acts,5,29,32,
Acts,16,30,31,
Acts,17,22,31,
Acts,19,13,17,
Acts,20,24,,
Romans,1,16,,
Romans,1,19,23,
Romans,3,8,,
Romans,3,10,12,
Romans,3,21,26,
Romans,3,28,,
Romans,4,7,8,
Romans,5,1,5,
Romans,5,6,8,
Romans,5,9,11,
Romans,5,1,11,
Romans,5,18,20,
Romans,6,6,7,
Romans,6,11,,
Romans,6,12,14,
Romans,6,20,23,
Romans,7,7,12,
Romans,7,15,25,
Romans,8,1,4,
Romans,8,12,17,
Romans,8,28,,
Romans,8,29,30,
Romans,8,31,,
Romans,8,38,39,
Romans,9,15,16,
Romans,9,20,,
Romans,10,9,10,
Romans,10,14,17,
Romans,11,33,36,
Romans,12,1,2,
Romans,13,1,,
Romans,13,14,,
Romans,14,8,9,
Romans,14,13,14,
Romans,15,13,,
1 Corinthians,1,17,,
1 Corinthians,1,18,,
1 Corinthians,2,1,2,
1 Corinthians,3,16,,
1 Corinthians,4,7b,,
1 Corinthians,5,4,5,
1 Corinthians,5,12,,
1 Corinthians,6,1,17,
1 Corinthians,6,9,11,
1 Corinthians,6,18,20,
1 Corinthians,7,17,,
1 Corinthians,8,6,,
1 Corinthians,9,24,27,
1 Corinthians,10,13,,
1 Corinthians,10,23,,
1 Corinthians,10,31,,
1 Corinthians,11,1,,
1 Corinthians,13,1,3,
1 Corinthians,13,4,7,
1 Corinthians,13,13,,
1 Corinthians,14,20,,
1 Corinthians,15,3,8,
1 Corinthians,15,16,19,
1 Corinthians,15,32,33,
1 Corinthians,15,50,56,
1 Corinthians,16,13,14,
2 Corinthians,4,7,10,
2 Corinthians,4,16,17,
2 Corinthians,5,6,10,
2 Corinthians,5,17,,
2 Corinthians,5,20,,
2 Corinthians,5,21,,
2 Corinthians,6,14,16,
2 Corinthians,7,1,,
2 Corinthians,7,10,,
2 Corinthians,8,9,,
2 Corinthians,9,6,7,
2 Corinthians,9,15,,
2 Corinthians,10,3,5,
2 Corinthians,10,17,,
2 Corinthians,12,9a,,
Galations,2,16,,
Galations,2,19,21,
Galations,3,3,,
Galations,3,28,29,
Galations,4,4,7,
Galations,5,1,,
Galations,5,13,14,
Galations,5,16,24,
Galations,6,2,,
Ephesians,1,3,14,
Ephesians,2,1,10,
Ephesians,3,11,12,
Ephesians,3,14,21,
Ephesians,4,1,6,
Ephesians,4,11,16,
Ephesians,4,17,24,
Ephesians,4,29,,
Ephesians,4,32,,
Ephesians,5,10,,
Ephesians,5,18,,
Ephesians,5,20,,
Ephesians,5,22,24,
Ephesians,5,25,33,
Ephesians,6,1,3,
Ephesians,6,4,10,
Ephesians,6,10,12,
Ephesians,6,13,17,
Philippians,1,6,,
Philippians,1,9,11,
Philippians,1,21,,
Philippians,2,3,4,
Philippians,2,5,11,TRUE
Philippians,2,14,,TRUE
Philippians,3,7,11,
Philippians,3,12,14,
Philippians,3,14,21,
Philippians,4,4,,
Philippians,4,6,7,
Philippians,4,8,,
Philippians,4,11,13,
Philippians,4,19,,
Colossians,1,9,14,
Colossians,1,15,20,
Colossians,1,29,,
Colossians,2,8,15,
Colossians,2,9,,
Colossians,3,1,2,
Colossians,3,5,,
Colossians,3,12,17,
Colossians,3,18,19,
Colossians,3,20,,
Colossians,3,21,,
Colossians,3,22,24,
1 Thessalonians,4,3,8,
1 Thessalonians,4,15,18,
1 Thessalonians,5,16,18,
1 Thessalonians,5,21,22,
2 Thessalonians,3,3,,
2 Thessalonians,3,10,12,
1 Timothy,1,5,,
1 Timothy,1,15,17,
1 Timothy,1,17,,TRUE
1 Timothy,2,1,6,
1 Timothy,4,4,5,
1 Timothy,4,7,8,
1 Timothy,4,12,,
1 Timothy,5,8,,
1 Timothy,5,17,18,
1 Timothy,5,23,,
1 Timothy,6,6,8,
1 Timothy,6,9,10,
1 Timothy,6,11,16,
2 Timothy,2,2,,
2 Timothy,2,15,,
2 Timothy,2,20,21,
2 Timothy,2,22,,
2 Timothy,3,12,,
2 Timothy,3,16,17,
2 Timothy,4,2,,
2 Timothy,4,7,8,
Titus,2,11,14,
Titus,3,1,2,
Titus,3,3,7,
Hebrews,1,3,4,
Hebrews,2,14,15,
Hebrews,2,18,19,
Hebrews,3,12,13,
Hebrews,4,12,,
Hebrews,4,14,16,
Hebrews,7,26,28,
Hebrews,9,15,,
Hebrews,9,22,,
Hebrews,10,4,,
Hebrews,10,24,25,
Hebrews,10,31,,
Hebrews,11,6,,
Hebrews,12,1,2,
Hebrews,12,3,4,
Hebrews,12,6,,
Hebrews,12,14,,
Hebrews,13,5,,
Hebrews,13,8,,
Hebrews,13,17,,
James,1,2,,
James,1,5,,
James,1,13,15,
James,1,17,,
James,1,22,25,
James,1,26,,
James,1,27,,
James,2,10,,
James,2,14,17,
James,2,19,,
James,2,26,,
James,4,2,3,
James,4,7,,
James,4,13,16,
James,4,17,,
James,5,16,,
1 Peter,1,14,15,
1 Peter,1,24,25,
1 Peter,2,9,,
1 Peter,2,13,14,
1 Peter,3,7,,
1 Peter,3,15,,
1 Peter,4,8,,
1 Peter,5,5,6,
1 Peter,5,8,9,
2 Peter,1,16,,
2 Peter,3,8,9,
1 John,1,5,10,
1 John,1,9,,
1 John,2,1,2,
1 John,2,3,,
1 John,2,15,17,
1 John,2,23,,
1 John,3,13,,
1 John,3,16,18,
1 John,3,23,,
1 John,4,7,11,
1 John,4,19,,
1 John,5,3,,
1 John,5,11,12,
1 John,5,13,,
1 John,5,14,15,
2 John,1,6,,
3 John,1,8,,
3 John,1,11,,
Jude,1,24,25,
Revelation,1,8,,
Revelation,1,12,16,
Revelation,4,8,,
Revelation,4,11,,
Revelation,5,9,14,
Revelation,9,20,21,
Revelation,12,10,11,
Revelation,19,11,16,
Revelation,22,13,,
Revelation,22,18,19,